"id";"title";"description";"date"
1;"aaa";"aaaa";"2023-05-24"
2;"bbb";"bbbb";"2023-05-24"
3;"ccc";"ccc";"2023-05-24"
4;"ddd";"dddd";"2023-05-24"
5;"test";"test1";"25/05/2023"
6;"test";"test";"25/05/2023"
7;"test2";"test2";"25/05/2023"
8;"t";"t";"25/05/2023"
9;"t";"t";"25/05/2023"
10;"t";"t";"25/05/2023"
11;"test";"test1";"26/5/2023"
12;"qwert";"qwert";"25/05/2023"
13;"buy grocery";"buy milk";"25/05/2023"
14;"grogery";"buy veggie";"25may2023"
15;"1";"1";"1"
16;"test";"test";"26/05/2023"
17;"to revise for react";"To meet Jean on mon afternoon to go thru";"29/05/2023"
